Batch 1,Batch 2,Batch 3,Batch 4,Batch 5,Batch 6,Batch 7,
pSM038,pSM068,pSM078,pSM113,pSM121,pSM140,pSM214,SmGapN I19F + P178A + T179Q + G209V + I233T
pSM050,pSM069,pSM079,pSM114,pSM122,pSM141,pSM215,SmGapN I19F + P178A + T179Q + G209V + I233V
pSM051,pSM070,pSM080,pSM115,pSM123,pSM142,pSM217,SmGapN P178A + T179Q + R208Y + G209V + I233V
pSM052,pSM071,pSM081,pSM116,pSM124,pSM143,pSM219,SmGapN P178A + T179Q + R208F + G209V + I233V
pSM053,pSM072,pSM082,pSM117,pSM125,pSM144,pSM221,SmGapN I19F + P178A + T179Q + R208Y + G209V + I233V
pSM054,pSM073,pSM083,pSM118,pSM126,pSM145,pSM223,SmGapN I19F + P178A + T179Q + R208F + G209V + I233V
pSM055,pSM074,pSM084,,pSM127,pSM146,pSM224,SmGapN I19F + P178S + T179E + G209V + I233V
pSM056,pSM075,pSM085,,pSM128,pSM147,pSM225,SmGapN I19F + P178A + T179E + G209V + I233V
pSM057,,pSM086,,pSM129,pSM148,pSM226,SmGapN I19F + P178S + T179Q + G209V + I233V
pSM058,,pSM087,,pSM130,pSM149,pSM227,SmGapN P178A + T179Q + R208L + G209V + I233V
pSM059,,pSM088,,,pSM150,pSM228,SmGapN I19F + P178A + T179Q + R208L + G209V + I233V
pSM060,,pSM089,,,pSM151,pSM229,SmGapN A35N + P178A + T179Q + G209V + I233V
pSM061,,pSM090,,,pSM152,pSM230,SmGapN I19F + A35N + P178A + T179Q + G209V + I233V
pSM062,,pSM091,,,pSM153,pSM231,SmGapN I19F + A35N + P178A + T179Q + R208Y + G209V + I233V
pSM063,,pSM092,,,pSM154,pSM232,SmGapN A35N + P178A + T179Q + R208L + G209V + I233V
,,pSM093,,,pSM155,pSM233,SmGapN I19F + A35N + P178A + T179Q + R208L + G209V + I233V
,,pSM094,,,pSM156,,
,,pSM095,,,pSM157,,
,,pSM096,,,pSM158,,
,,pSM097,,,pSM159,,
,,pSM098,,,pSM160,,
,,pSM099,,,,,
,,pSM100,,,,,
,,pSM101,,,,,
,,pSM102,,,,,
,,pSM103,,,,,
,,pSM104,,,,,
,,pSM105,,,,,
,,pSM106,,,,,
,,pSM107,,,,,
,,pSM108,,,,,
,,pSM109,,,,,
,,pSM110,,,,,
,,pSM111,,,,,
,,pSM112,,,,,
